{"minzoom":0,"maxzoom":8,"center":[71.015625,32.544857,8.0],"bounds":[60.871513,20.692549,79.335152,37.083202]}