{"minzoom":0,"maxzoom":9,"center":[71.367188,32.842182,9.0],"bounds":[60.871513,20.692549,79.335152,37.083202]}